RiskCategory,CustomerID,Monetary,Recency,Frequency
Low,1446,220.6009059474412,147.12171507607192,1.3250345781466113
Medium,1446,712.5872842323652,89.09751037344398,2.5739972337482713
High,1446,5229.611190179807,41.39004149377593,8.91701244813278
